Appliance,
Auto reignition,
Bamboo stove,
Barbecue,
Barbecue grill,
Beehive oven,
Brasero,
Bread machine,
Burjiko,
Butane torch,
Chambers stove,
Clome oven,
Coffee percolator,
Coffeemaker,
Comal,
Combi steamer,
Communal oven,
Convection microwave,
Convection oven,
Cook stove,
Corn roaster,
Deep fryer,
Earth oven,
Electric cooker,
Electric match,
Electric stove,
Energy Regulator,
Field kitchen,
Fire pot,
Flattop grill,
Food steamer,
Foukou,
Gas stove,
Haybox,
Hibachi,
Hobo stove,
Horno,
Hot Box,
Hot dog toaster,
Hot plate,
Induction cooking,
Kamado,
Kettle,
Kitchen stove,
Kitchener range,
Kujiejun,
Kyoto box,
Lo Trau,
Masonry oven,
Mess kit,
Microwave oven,
Mihbaz,
Oven,
Popcorn maker,
Primus stove,
Red Cross stove,
Reflector oven,
Remoska,
Rice cooker,
Rice polisher,
Roasting jack,
Rocket mass heater,
Rocket stove,
Russian oven,
Sabbath mode,
Salamander broiler,
Samovar,
Sandwich toaster,
Self-cleaning oven,
Shichirin,
Sigri,
Slow cooker,
Solar cooker,
Soy milk maker,
Stove,
Susceptor,
Tabun oven,
Tandoor,
Tea stove,
Thermal immersion circulator,
Toaster,
Tommy cooker,
Trojan Room coffee pot,
Turkey fryer,
Vacuum fryer,
Waffle iron,
Wood-fired oven,