Utensil,
Baba mold,
Bain-marie,
Banneton,
Basting brush,
Basting syringe,
Bench scraper,
Blender,
Boil over preventer,
Bone scissors,
Boti,
Bowl,
Bread knife,
Browning tray,
Butcher block,
Cake-server,
Candy thermometer,
Can opener,
Casserole,
Cauldron,
Cheese cloth,
Cheese grater,
Cheese slicer,
Chef's knife,
Chimta,
Chinoise,
Colander,
Coconut grater,
Cookie cutter,
Chop sticks,
Crab cracker,
Crab fork,
Crockery,
Cutting board,
Double boiler,
Dough blender,
Drum sieve,
Egg beater,
Egg piercer,
Egg slicer,
Egg timer,
Electric Mixer,
Faucet,
Fillet knife,
Fork,
Frying pan,
Funnel,
Garlic press,
Grater,
Grill,
Herb chopper,
Idli Pan,
Idli Tray,
Kitchen scissors,
Knife,
Ladle,
Lamé,
Lemon reamer,
Lemon squeezer,
Lemon zester,
Lobster pick,
Mandoline,
Mated colander pot,
Measuring cup,
Measuring spoon,
Meat knife,
Meat tenderizer,
Meat thermometer,
Melon baller,
Mezzaluna,
Milk watcher,
Milk saver,
Milk guard,
Mixing bowl,
Mixing spoon,
Molcajete,
Mortar,
Muffin tin,
Nutcracker,
Oven mitts,
Pastry bag,
Pastry brush,
Peel,
Pestle,
Pepper mill,
Pie bird,
Pie pan,
Pizza cutter,
Pizza plate,
Platform knife,
Potato masher,
Potato peeler,
Potato ricer,
Pot watcher or minder,
Potholder,
Puree sieve,
Roasting jack,
Rolling pin,
Roulade needles,
Salamander grill,
Salt shaker,
Scale,
Scoop,
Scraper,
Sieve,
Skillet,
Skimmer,
Slotted spoon,
Spatula,
Spider,
Spoon,
Spork,
Stainless steel soap,
Strainer,
String,
Sugar spoon,
Tamis,
Timer,
Tongs,
Trongs,
Toas-Tite,
Tomato knife,
Vegetable knife,
Waffle iron,
Whisk,
Wonder Pot,
Wooden spoon,
Zester,